Date,Weekday,Status,EMDI,RDI,BINS,Comment
2014-01-01,Wed,Holiday,Not available,Available,Not available,
2014-01-02,Thu,Normal trading day,Available,Available,Available,
2014-01-03,Fri,Normal trading day,Available,Available,Available,
2014-01-04,Sat,No trading day,Not available,Not available,Not available,
2014-01-05,Sun,No trading day,Not available,Not available,Not available,
2014-01-06,Mon,Normal trading day,Available,Available,Available,
2014-01-07,Tue,Normal trading day,Available,Available,Available,
2014-01-08,Wed,Normal trading day,Available,Available,Available,
2014-01-09,Thu,Normal trading day,Available,Available,Available,
2014-01-10,Fri,Normal trading day,Available,Available,Available,
2014-01-11,Sat,No trading day,Not available,Not available,Not available,
2014-01-12,Sun,No trading day,Not available,Not available,Not available,
2014-01-13,Mon,Normal trading day,Available,Available,Available,
2014-01-14,Tue,Normal trading day,Available,Available,Available,
2014-01-15,Wed,Normal trading day,Available,Available,Available,
2014-01-16,Thu,Normal trading day,Available,Available,Available,
2014-01-17,Fri,Normal trading day,Available,Available,Available,
2014-01-18,Sat,No trading day,Not available,Not available,Not available,
2014-01-19,Sun,No trading day,Not available,Not available,Not available,
2014-01-20,Mon,Normal trading day,Available,Available,Available,
2014-01-21,Tue,Normal trading day,Available,Available,Available,
2014-01-22,Wed,Normal trading day,Available,Available,Available,
2014-01-23,Thu,Normal trading day,Available,Available,Available,
2014-01-24,Fri,Normal trading day,Available,Available,Available,
2014-01-25,Sat,No trading day,Not available,Not available,Not available,
2014-01-26,Sun,No trading day,Not available,Not available,Not available,
2014-01-27,Mon,Normal trading day,Available,Available,Available,"Missing sequences, further investigation required"
2014-01-28,Tue,Normal trading day,Available,Available,Available,
2014-01-29,Wed,Normal trading day,Available,Available,Available,"Missing sequences, further investigation required"
2014-01-30,Thu,Normal trading day,Available,Available,Available,
2014-01-31,Fri,Normal trading day,Available,Available,Available,
2014-02-01,Sat,No trading day,Not available,Not available,Not available,
2014-02-02,Sun,No trading day,Not available,Not available,Not available,
2014-02-03,Mon,Normal trading day,Available,Available,Available,
2014-02-04,Tue,Normal trading day,Available,Available,Available,
2014-02-05,Wed,Normal trading day,Available,Available,Not available,"Technical Issue, Currently under investigations"
2014-02-06,Thu,Normal trading day,Available,Available,Available,
2014-02-07,Fri,Normal trading day,Available,Available,Available,
2014-02-08,Sat,No trading day,Not available,Not available,Not available,
2014-02-09,Sun,No trading day,Not available,Not available,Not available,
2014-02-10,Mon,Normal trading day,Available,Available,Available,
2014-02-11,Tue,Normal trading day,Available,Available,Available,
2014-02-12,Wed,Normal trading day,Available,Available,Available,
2014-02-13,Thu,Normal trading day,Available,Available,Available,
2014-02-14,Fri,Normal trading day,Available,Available,Available,
2014-02-15,Sat,No trading day,Not available,Not available,Not available,
2014-02-16,Sun,No trading day,Not available,Not available,Not available,
2014-02-17,Mon,Normal trading day,Available,Available,Available,
2014-02-18,Tue,Normal trading day,Available,Available,Available,
2014-02-19,Wed,Normal trading day,Available,Available,Available,
2014-02-20,Thu,Normal trading day,Available,Available,Available,
2014-02-21,Fri,Normal trading day,Available,Available,Available,
2014-02-22,Sat,No trading day,Not available,Not available,Not available,
2014-02-23,Sun,No trading day,Not available,Not available,Not available,
2014-02-24,Mon,Normal trading day,Available,Available,Available,
2014-02-25,Tue,Normal trading day,Available,Available,Available,"Missing sequences, further investigation required"
2014-02-26,Wed,Normal trading day,Available,Available,Available,
2014-02-27,Thu,Normal trading day,Available,Available,Available,
2014-02-28,Fri,Normal trading day,Available,Available,Available,
2014-03-01,Sat,No trading day,Not available,Not available,Not available,
2014-03-02,Sun,No trading day,Not available,Not available,Not available,
2014-03-03,Mon,Normal trading day,Available,Available,Available,
2014-03-04,Tue,Normal trading day,Available,Available,Available,"Missing sequences, further investigation required"
2014-03-05,Wed,Normal trading day,Available,Available,Available,
2014-03-06,Thu,Normal trading day,Available,Available,Available,"Missing sequences, further investigation required"
2014-03-07,Fri,Normal trading day,Available,Available,Available,"Missing sequences, further investigation required"
2014-03-08,Sat,No trading day,Not available,Not available,Not available,
2014-03-09,Sun,No trading day,Not available,Not available,Not available,
2014-03-10,Mon,Normal trading day,Available,Available,Available,
2014-03-11,Tue,Normal trading day,Available,Available,Available,
2014-03-12,Wed,Normal trading day,Available,Available,Available,"Missing sequences, further investigation required"
2014-03-13,Thu,Normal trading day,Available,Available,Available,"Missing sequences, further investigation required"
2014-03-14,Fri,Normal trading day,Available,Available,Available,
2014-03-15,Sat,No trading day,Not available,Not available,Not available,
2014-03-16,Sun,No trading day,Not available,Not available,Not available,
2014-03-17,Mon,Normal trading day,Available,Available,Available,
2014-03-18,Tue,Normal trading day,Available,Available,Available,
2014-03-19,Wed,Normal trading day,Available,Available,Available,
2014-03-20,Thu,Normal trading day,Available,Available,Available,
2014-03-21,Fri,Normal trading day,Available,Available,Available,
2014-03-22,Sat,No trading day,Not available,Not available,Not available,
2014-03-23,Sun,No trading day,Not available,Not available,Not available,
2014-03-24,Mon,Normal trading day,Available,Available,Available,
2014-03-25,Tue,Normal trading day,Available,Available,Available,
2014-03-26,Wed,Normal trading day,Available,Available,Available,
2014-03-27,Thu,Normal trading day,Available,Available,Available,
2014-03-28,Fri,Normal trading day,Available,Available,Available,
2014-03-29,Sat,No trading day,Not available,Not available,Not available,
2014-03-30,Sun,No trading day,Not available,Not available,Not available,
2014-03-31,Mon,Normal trading day,Available,Available,Available,
2014-04-01,Tue,Normal trading day,Available,Available,Available,
2014-04-02,Wed,Normal trading day,Available,Available,Available,
2014-04-03,Thu,Normal trading day,Available,Available,Available,"Missing sequences, further investigation required"
2014-04-04,Fri,Normal trading day,Available,Available,Available,"Missing sequences, further investigation required"
2014-04-05,Sat,No trading day,Not available,Not available,Not available,
2014-04-06,Sun,No trading day,Not available,Not available,Not available,
2014-04-07,Mon,Normal trading day,Available,Available,Available,
2014-04-08,Tue,Normal trading day,Available,Available,Available,
2014-04-09,Wed,Normal trading day,Available,Available,Available,
2014-04-10,Thu,Normal trading day,Available,Available,Available,
2014-04-11,Fri,Normal trading day,Available,Available,Available,
2014-04-12,Sat,No trading day,Not available,Not available,Not available,
2014-04-13,Sun,No trading day,Not available,Not available,Not available,
2014-04-14,Mon,Normal trading day,Available,Available,Available,
2014-04-15,Tue,Normal trading day,Available,Available,Available,
2014-04-16,Wed,Normal trading day,Available,Available,Available,
2014-04-17,Thu,Normal trading day,Available,Available,Available,
2014-04-18,Fri,Holiday,Available,Available,Not available,
2014-04-19,Sat,No trading day,Not available,Not available,Not available,
2014-04-20,Sun,No trading day,Not available,Not available,Not available,
2014-04-21,Mon,Holiday,Available,Available,Not available,
2014-04-22,Tue,Normal trading day,Available,Available,Available,
2014-04-23,Wed,Normal trading day,Available,Available,Available,
2014-04-24,Thu,Normal trading day,Available,Available,Available,
2014-04-25,Fri,Normal trading day,Available,Available,Available,
2014-04-26,Sat,No trading day,Not available,Not available,Not available,
2014-04-27,Sun,No trading day,Not available,Not available,Not available,
2014-04-28,Mon,Normal trading day,Available,Available,Available,
2014-04-29,Tue,Normal trading day,Available,Available,Available,
2014-04-30,Wed,Normal trading day,Available,Available,Available,
2014-05-01,Thu,Holiday,Available,Available,Not available,
2014-05-02,Fri,Normal trading day,Available,Available,Available,
2014-05-03,Sat,No trading day,Not available,Not available,Not available,
2014-05-04,Sun,No trading day,Not available,Not available,Not available,
2014-05-05,Mon,Normal trading day,Available,Available,Available,
2014-05-06,Tue,Normal trading day,Available,Available,Available,"Missing sequences, further investigation required"
2014-05-07,Wed,Normal trading day,Available,Available,Available,
2014-05-08,Thu,Normal trading day,Available,Available,Available,
2014-05-09,Fri,Normal trading day,Available,Available,Available,
2014-05-10,Sat,No trading day,Not available,Not available,Not available,
2014-05-11,Sun,No trading day,Not available,Not available,Not available,
2014-05-12,Mon,Normal trading day,Available,Available,Available,
2014-05-13,Tue,Normal trading day,Available,Available,Available,
2014-05-14,Wed,Normal trading day,Available,Available,Available,
2014-05-15,Thu,Normal trading day,Available,Available,Available,
2014-05-16,Fri,Normal trading day,Available,Available,Available,
2014-05-17,Sat,No trading day,Not available,Not available,Not available,
2014-05-18,Sun,No trading day,Not available,Not available,Not available,
2014-05-19,Mon,Normal trading day,Available,Available,Available,
2014-05-20,Tue,Normal trading day,Available,Available,Available,
2014-05-21,Wed,Normal trading day,Available,Available,Available,
2014-05-22,Thu,Normal trading day,Available,Available,Available,
2014-05-23,Fri,Normal trading day,Available,Available,Available,
2014-05-24,Sat,No trading day,Not available,Not available,Not available,
2014-05-25,Sun,No trading day,Not available,Not available,Not available,
2014-05-26,Mon,Normal trading day,Available,Available,Available,"Missing sequences, further investigation required"
2014-05-27,Tue,Normal trading day,Available,Available,Available,
2014-05-28,Wed,Normal trading day,Available,Available,Available,
2014-05-29,Thu,Normal trading day,Available,Available,Available,
2014-05-30,Fri,Normal trading day,Available,Available,Available,
2014-05-31,Sat,No trading day,Not available,Not available,Not available,
2014-06-01,Sun,No trading day,Not available,Not available,Not available,
2014-06-02,Mon,Normal trading day,Available,Available,Available,
2014-06-03,Tue,Normal trading day,Available,Available,Available,
2014-06-04,Wed,Normal trading day,Available,Available,Available,
2014-06-05,Thu,Normal trading day,Available,Available,Available,
2014-06-06,Fri,Normal trading day,Available,Available,Available,
2014-06-07,Sat,No trading day,Not available,Not available,Not available,
2014-06-08,Sun,No trading day,Not available,Not available,Not available,
2014-06-09,Mon,Normal trading day,Available,Available,Available,
2014-06-10,Tue,Normal trading day,Available,Available,Available,
2014-06-11,Wed,Normal trading day,Available,Available,Available,
2014-06-12,Thu,Normal trading day,Available,Available,Available,
2014-06-13,Fri,Normal trading day,Available,Available,Available,
2014-06-14,Sat,No trading day,Not available,Not available,Not available,
2014-06-15,Sun,No trading day,Not available,Not available,Not available,
2014-06-16,Mon,Normal trading day,Available,Available,Available,
2014-06-17,Tue,Normal trading day,Available,Available,Available,
2014-06-18,Wed,Normal trading day,Available,Available,Available,
2014-06-19,Thu,Normal trading day,Available,Available,Available,
2014-06-20,Fri,Normal trading day,Available,Available,Available,
2014-06-21,Sat,No trading day,Not available,Not available,Not available,
2014-06-22,Sun,No trading day,Not available,Not available,Not available,
2014-06-23,Mon,Normal trading day,Available,Available,Available,
2014-06-24,Tue,Normal trading day,Available,Available,Available,
2014-06-25,Wed,Normal trading day,Available,Available,Available,
2014-06-26,Thu,Normal trading day,Available,Available,Available,
2014-06-27,Fri,Normal trading day,Available,Available,Available,
2014-06-28,Sat,No trading day,Not available,Not available,Not available,
2014-06-29,Sun,No trading day,Not available,Not available,Not available,
2014-06-30,Mon,Normal trading day,Available,Available,Available,
2014-07-01,Tue,Normal trading day,Available,Available,Available,
2014-07-02,Wed,Normal trading day,Available,Available,Available,
2014-07-03,Thu,Normal trading day,Available,Available,Available,
2014-07-04,Fri,Normal trading day,Available,Available,Available,
2014-07-05,Sat,No trading day,Not available,Not available,Not available,
2014-07-06,Sun,No trading day,Not available,Not available,Not available,
2014-07-07,Mon,Normal trading day,Available,Available,Available,
2014-07-08,Tue,Normal trading day,Available,Available,Available,
2014-07-09,Wed,Normal trading day,Available,Available,Available,
2014-07-10,Thu,Normal trading day,Available,Available,Available,
2014-07-11,Fri,Normal trading day,Available,Available,Available,
2014-07-12,Sat,No trading day,Not available,Not available,Not available,
2014-07-13,Sun,No trading day,Not available,Not available,Not available,
2014-07-14,Mon,Normal trading day,Available,Available,Available,
2014-07-15,Tue,Normal trading day,Available,Available,Available,
2014-07-16,Wed,Normal trading day,Available,Available,Available,
2014-07-17,Thu,Normal trading day,Available,Available,Available,
2014-07-18,Fri,Normal trading day,Available,Available,Available,
2014-07-19,Sat,No trading day,Not available,Not available,Not available,
2014-07-20,Sun,No trading day,Not available,Not available,Not available,
2014-07-21,Mon,Normal trading day,Available,Available,Available,
2014-07-22,Tue,Normal trading day,Available,Available,Available,
2014-07-23,Wed,Normal trading day,Available,Available,Available,
2014-07-24,Thu,Normal trading day,Available,Available,Available,
2014-07-25,Fri,Normal trading day,Available,Available,Available,
2014-07-26,Sat,No trading day,Not available,Not available,Not available,
2014-07-27,Sun,No trading day,Not available,Not available,Not available,
2014-07-28,Mon,Normal trading day,Available,Available,Available,
2014-07-29,Tue,Normal trading day,Available,Available,Available,
2014-07-30,Wed,Normal trading day,Available,Available,Available,
2014-07-31,Thu,Normal trading day,Available,Available,Available,
2014-08-01,Fri,Normal trading day,Available,Available,Available,
2014-08-02,Sat,No trading day,Not available,Not available,Not available,
2014-08-03,Sun,No trading day,Not available,Not available,Not available,
2014-08-04,Mon,Normal trading day,Available,Not available,Not available,"Technical Issue, Currently under investigations"
2014-08-05,Tue,Normal trading day,Available,Available,Available,
2014-08-06,Wed,Normal trading day,Available,Available,Available,
2014-08-07,Thu,Normal trading day,Available,Available,Available,
2014-08-08,Fri,Normal trading day,Available,Available,Available,
2014-08-09,Sat,No trading day,Not available,Not available,Not available,
2014-08-10,Sun,No trading day,Not available,Not available,Not available,
2014-08-11,Mon,Normal trading day,Available,Available,Available,
2014-08-12,Tue,Normal trading day,Available,Available,Available,
2014-08-13,Wed,Normal trading day,Available,Available,Available,
2014-08-14,Thu,Normal trading day,Available,Available,Available,
2014-08-15,Fri,Normal trading day,Available,Available,Available,
2014-08-16,Sat,No trading day,Not available,Not available,Not available,
2014-08-17,Sun,No trading day,Not available,Not available,Not available,
2014-08-18,Mon,Normal trading day,Available,Available,Available,
2014-08-19,Tue,Normal trading day,Available,Available,Available,
2014-08-20,Wed,Normal trading day,Available,Available,Available,
2014-08-21,Thu,Normal trading day,Available,Available,Available,
2014-08-22,Fri,Normal trading day,Available,Available,Available,
2014-08-23,Sat,No trading day,Not available,Not available,Not available,
2014-08-24,Sun,No trading day,Not available,Not available,Not available,
2014-08-25,Mon,Normal trading day,Available,Available,Available,
2014-08-26,Tue,Normal trading day,Available,Available,Available,
2014-08-27,Wed,Normal trading day,Available,Available,Available,
2014-08-28,Thu,Normal trading day,Available,Available,Available,
2014-08-29,Fri,Normal trading day,Available,Available,Available,
2014-08-30,Sat,No trading day,Not available,Not available,Not available,
2014-08-31,Sun,No trading day,Not available,Not available,Not available,
2014-09-01,Mon,Normal trading day,Available,Available,Available,
2014-09-02,Tue,Normal trading day,Available,Available,Available,
2014-09-03,Wed,Normal trading day,Available,Available,Available,
2014-09-04,Thu,Normal trading day,Available,Available,Available,
2014-09-05,Fri,Normal trading day,Available,Available,Available,
2014-09-06,Sat,No trading day,Not available,Not available,Not available,
2014-09-07,Sun,No trading day,Not available,Not available,Not available,
2014-09-08,Mon,Normal trading day,Available,Available,Available,
2014-09-09,Tue,Normal trading day,Available,Available,Available,
2014-09-10,Wed,Normal trading day,Available,Available,Available,
2014-09-11,Thu,Normal trading day,Available,Available,Available,
2014-09-12,Fri,Normal trading day,Available,Available,Available,
2014-09-13,Sat,No trading day,Not available,Not available,Not available,
2014-09-14,Sun,No trading day,Not available,Not available,Not available,
2014-09-15,Mon,Normal trading day,Available,Available,Available,
2014-09-16,Tue,Normal trading day,Available,Available,Available,
2014-09-17,Wed,Normal trading day,Available,Available,Available,
2014-09-18,Thu,Normal trading day,Available,Available,Available,
2014-09-19,Fri,Normal trading day,Available,Available,Available,
2014-09-20,Sat,No trading day,Not available,Not available,Not available,
2014-09-21,Sun,No trading day,Not available,Not available,Not available,
2014-09-22,Mon,Normal trading day,Available,Available,Available,
2014-09-23,Tue,Normal trading day,Available,Available,Available,
2014-09-24,Wed,Normal trading day,Available,Available,Available,
2014-09-25,Thu,Normal trading day,Available,Available,Available,
2014-09-26,Fri,Normal trading day,Available,Available,Available,
2014-09-27,Sat,No trading day,Not available,Not available,Not available,
2014-09-28,Sun,No trading day,Not available,Not available,Not available,
2014-09-29,Mon,Normal trading day,Available,Available,Available,
2014-09-30,Tue,Normal trading day,Available,Available,Available,
2014-10-01,Wed,Normal trading day,Available,Available,Available,
2014-10-02,Thu,Normal trading day,Available,Available,Available,
2014-10-03,Fri,Normal trading day,Available,Available,Available,
2014-10-04,Sat,No trading day,Not available,Not available,Not available,
2014-10-05,Sun,No trading day,Not available,Not available,Not available,
2014-10-06,Mon,Normal trading day,Available,Available,Available,
2014-10-07,Tue,Normal trading day,Available,Available,Available,
2014-10-08,Wed,Normal trading day,Available,Available,Available,
2014-10-09,Thu,Normal trading day,Available,Available,Available,
2014-10-10,Fri,Normal trading day,Available,Available,Available,
2014-10-11,Sat,No trading day,Not available,Not available,Not available,
2014-10-12,Sun,No trading day,Not available,Not available,Not available,
2014-10-13,Mon,Normal trading day,Available,Available,Available,
2014-10-14,Tue,Normal trading day,Available,Available,Available,
2014-10-15,Wed,Normal trading day,Available,Available,Available,
2014-10-16,Thu,Normal trading day,Available,Available,Available,
2014-10-17,Fri,Normal trading day,Available,Available,Available,
2014-10-18,Sat,No trading day,Not available,Not available,Not available,
2014-10-19,Sun,No trading day,Not available,Not available,Not available,
2014-10-20,Mon,Normal trading day,Available,Available,Available,
2014-10-21,Tue,Normal trading day,Available,Available,Available,
2014-10-22,Wed,Normal trading day,Available,Available,Available,
2014-10-23,Thu,Normal trading day,Available,Available,Available,
2014-10-24,Fri,Normal trading day,Available,Available,Available,
2014-10-25,Sat,No trading day,Not available,Not available,Not available,
2014-10-26,Sun,No trading day,Not available,Not available,Not available,
2014-10-27,Mon,Normal trading day,Available,Available,Available,
2014-10-28,Tue,Normal trading day,Available,Available,Available,
2014-10-29,Wed,Normal trading day,Available,Available,Available,
2014-10-30,Thu,Normal trading day,Available,Available,Available,
2014-10-31,Fri,Normal trading day,Available,Available,Available,
2014-11-01,Sat,No trading day,Not available,Not available,Not available,
2014-11-02,Sun,No trading day,Not available,Not available,Not available,
2014-11-03,Mon,Normal trading day,Available,Available,Available,
2014-11-04,Tue,Normal trading day,Available,Available,Available,
2014-11-05,Wed,Normal trading day,Available,Available,Available,
2014-11-06,Thu,Normal trading day,Available,Available,Available,
2014-11-07,Fri,Normal trading day,Available,Available,Available,
2014-11-08,Sat,No trading day,Not available,Not available,Not available,
2014-11-09,Sun,No trading day,Not available,Not available,Not available,
2014-11-10,Mon,Normal trading day,Available,Available,Available,
2014-11-11,Tue,Normal trading day,Available,Available,Available,
2014-11-12,Wed,Normal trading day,Available,Available,Available,
2014-11-13,Thu,Normal trading day,Available,Available,Available,
2014-11-14,Fri,Normal trading day,Available,Available,Available,
2014-11-15,Sat,No trading day,Not available,Not available,Not available,
2014-11-16,Sun,No trading day,Not available,Not available,Not available,
2014-11-17,Mon,Normal trading day,Available,Available,Available,
2014-11-18,Tue,Normal trading day,Available,Available,Available,
2014-11-19,Wed,Normal trading day,Available,Available,Available,
2014-11-20,Thu,Normal trading day,Available,Available,Available,
2014-11-21,Fri,Normal trading day,Available,Available,Available,
2014-11-22,Sat,No trading day,Not available,Not available,Not available,
2014-11-23,Sun,No trading day,Not available,Not available,Not available,
2014-11-24,Mon,Normal trading day,Available,Available,Available,
2014-11-25,Tue,Normal trading day,Available,Available,Available,
2014-11-26,Wed,Normal trading day,Available,Available,Available,
2014-11-27,Thu,Normal trading day,Available,Available,Available,
2014-11-28,Fri,Normal trading day,Available,Available,Available,
2014-11-29,Sat,No trading day,Not available,Not available,Not available,
2014-11-30,Sun,No trading day,Not available,Not available,Not available,
2014-12-01,Mon,Normal trading day,Available,Available,Available,
2014-12-02,Tue,Normal trading day,Available,Available,Available,
2014-12-03,Wed,Normal trading day,Available,Available,Available,
2014-12-04,Thu,Normal trading day,Available,Available,Available,
2014-12-05,Fri,Normal trading day,Available,Available,Available,
2014-12-06,Sat,No trading day,Not available,Not available,Not available,
2014-12-07,Sun,No trading day,Not available,Not available,Not available,
2014-12-08,Mon,Normal trading day,Available,Available,Available,
2014-12-09,Tue,Normal trading day,Available,Available,Available,
2014-12-10,Wed,Normal trading day,Available,Available,Available,
2014-12-11,Thu,Normal trading day,Available,Available,Available,
2014-12-12,Fri,Normal trading day,Available,Available,Available,
2014-12-13,Sat,No trading day,Not available,Not available,Not available,
2014-12-14,Sun,No trading day,Not available,Not available,Not available,
2014-12-15,Mon,Normal trading day,Available,Available,Available,
2014-12-16,Tue,Normal trading day,Available,Available,Available,
2014-12-17,Wed,Normal trading day,Available,Available,Available,
2014-12-18,Thu,Normal trading day,Available,Available,Available,
2014-12-19,Fri,Normal trading day,Available,Available,Available,
2014-12-20,Sat,No trading day,Not available,Not available,Not available,
2014-12-21,Sun,No trading day,Not available,Not available,Not available,
2014-12-22,Mon,Normal trading day,Available,Available,Available,
2014-12-23,Tue,Normal trading day,Available,Available,Available,
2014-12-24,Wed,Holiday,Available,Available,Not available,
2014-12-25,Thu,Holiday,Available,Available,Not available,
2014-12-26,Fri,Holiday,Available,Available,Not available,
2014-12-27,Sat,No trading day,Not available,Not available,Not available,
2014-12-28,Sun,No trading day,Not available,Not available,Not available,
2014-12-29,Mon,Normal trading day,Available,Available,Available,
2014-12-30,Tue,Normal trading day,Available,Available,Available,
2014-12-31,Wed,Holiday,Available,Available,Not available,
2015-01-01,Thu,Holiday,Available,Available,Not available,
2015-01-02,Fri,Normal trading day,Available,Available,Available,
2015-01-03,Sat,No trading day,Not available,Not available,Not available,
2015-01-04,Sun,No trading day,Not available,Not available,Not available,
2015-01-05,Mon,Normal trading day,Available,Available,Available,
2015-01-06,Tue,Normal trading day,Available,Available,Available,
2015-01-07,Wed,Normal trading day,Available,Available,Available,
2015-01-08,Thu,Normal trading day,Available,Available,Available,
2015-01-09,Fri,Normal trading day,Available,Available,Available,
2015-01-10,Sat,No trading day,Not available,Not available,Not available,
2015-01-11,Sun,No trading day,Not available,Not available,Not available,
2015-01-12,Mon,Normal trading day,Available,Available,Available,
2015-01-13,Tue,Normal trading day,Available,Available,Available,
2015-01-14,Wed,Normal trading day,Available,Available,Available,
2015-01-15,Thu,Normal trading day,Available,Available,Available,
2015-01-16,Fri,Normal trading day,Available,Available,Available,
2015-01-17,Sat,No trading day,Not available,Not available,Not available,
2015-01-18,Sun,No trading day,Not available,Not available,Not available,
2015-01-19,Mon,Normal trading day,Available,Available,Available,
2015-01-20,Tue,Normal trading day,Available,Available,Available,
2015-01-21,Wed,Normal trading day,Available,Available,Available,
2015-01-22,Thu,Normal trading day,Available,Available,Available,
2015-01-23,Fri,Normal trading day,Available,Available,Available,
2015-01-24,Sat,No trading day,Not available,Not available,Not available,
2015-01-25,Sun,No trading day,Not available,Not available,Not available,
2015-01-26,Mon,Normal trading day,Available,Available,Available,
2015-01-27,Tue,Normal trading day,Available,Available,Available,
2015-01-28,Wed,Normal trading day,Available,Available,Available,
2015-01-29,Thu,Normal trading day,Available,Available,Available,
2015-01-30,Fri,Normal trading day,Available,Available,Available,
2015-01-31,Sat,No trading day,Not available,Not available,Not available,
2015-02-01,Sun,No trading day,Not available,Not available,Not available,
2015-02-02,Mon,Normal trading day,Available,Available,Available,
2015-02-03,Tue,Normal trading day,Available,Available,Available,
2015-02-04,Wed,Normal trading day,Available,Available,Available,
2015-02-05,Thu,Normal trading day,Available,Available,Available,
2015-02-06,Fri,Normal trading day,Available,Available,Available,
2015-02-07,Sat,No trading day,Not available,Not available,Not available,
2015-02-08,Sun,No trading day,Not available,Not available,Not available,
2015-02-09,Mon,Normal trading day,Available,Available,Available,
2015-02-10,Tue,Normal trading day,Available,Available,Available,
2015-02-11,Wed,Normal trading day,Available,Available,Available,
2015-02-12,Thu,Normal trading day,Available,Available,Available,
2015-02-13,Fri,Normal trading day,Available,Available,Available,
2015-02-14,Sat,No trading day,Not available,Not available,Not available,
2015-02-15,Sun,No trading day,Not available,Not available,Not available,
2015-02-16,Mon,Normal trading day,Available,Available,Available,
2015-02-17,Tue,Normal trading day,Available,Available,Available,"Missing sequences, further investigation required"
2015-02-18,Wed,Normal trading day,Available,Available,Available,
2015-02-19,Thu,Normal trading day,Available,Available,Available,
2015-02-20,Fri,Normal trading day,Available,Available,Available,
2015-02-21,Sat,No trading day,Not available,Not available,Not available,
2015-02-22,Sun,No trading day,Not available,Not available,Not available,
2015-02-23,Mon,Normal trading day,Available,Available,Available,
2015-02-24,Tue,Normal trading day,Available,Available,Available,
2015-02-25,Wed,Normal trading day,Available,Available,Available,
2015-02-26,Thu,Normal trading day,Available,Available,Available,
2015-02-27,Fri,Normal trading day,Available,Available,Available,
2015-02-28,Sat,No trading day,Not available,Not available,Not available,
2015-03-01,Sun,No trading day,Not available,Not available,Not available,
2015-03-02,Mon,Normal trading day,Available,Available,Available,
2015-03-03,Tue,Normal trading day,Available,Available,Available,
2015-03-04,Wed,Normal trading day,Available,Available,Available,
2015-03-05,Thu,Normal trading day,Available,Available,Available,
2015-03-06,Fri,Normal trading day,Available,Available,Available,
2015-03-07,Sat,No trading day,Not available,Not available,Not available,
2015-03-08,Sun,No trading day,Not available,Not available,Not available,
2015-03-09,Mon,Normal trading day,Available,Available,Available,
2015-03-10,Tue,Normal trading day,Available,Available,Available,
2015-03-11,Wed,Normal trading day,Available,Available,Available,
2015-03-12,Thu,Normal trading day,Available,Available,Available,
2015-03-13,Fri,Normal trading day,Available,Available,Available,
2015-03-14,Sat,No trading day,Not available,Not available,Not available,
2015-03-15,Sun,No trading day,Not available,Not available,Not available,
2015-03-16,Mon,Normal trading day,Available,Available,Available,
2015-03-17,Tue,Normal trading day,Available,Available,Available,
2015-03-18,Wed,Normal trading day,Available,Available,Available,
2015-03-19,Thu,Normal trading day,Available,Available,Available,
2015-03-20,Fri,Normal trading day,Available,Available,Available,
2015-03-21,Sat,No trading day,Not available,Not available,Not available,
2015-03-22,Sun,No trading day,Not available,Not available,Not available,
2015-03-23,Mon,Normal trading day,Available,Available,Available,
2015-03-24,Tue,Normal trading day,Available,Available,Available,
2015-03-25,Wed,Normal trading day,Available,Available,Available,
2015-03-26,Thu,Normal trading day,Available,Available,Available,
2015-03-27,Fri,Normal trading day,Available,Available,Available,
2015-03-28,Sat,No trading day,Not available,Not available,Not available,
2015-03-29,Sun,No trading day,Not available,Not available,Not available,
2015-03-30,Mon,Normal trading day,Available,Available,Available,
2015-03-31,Tue,Normal trading day,Available,Available,Available,
2015-04-01,Wed,Normal trading day,Available,Available,Available,
2015-04-02,Thu,Normal trading day,Available,Available,Available,
2015-04-03,Fri,Holiday,Available,Available,Not available,
2015-04-04,Sat,No trading day,Not available,Not available,Not available,
2015-04-05,Sun,No trading day,Not available,Not available,Not available,
2015-04-06,Mon,Holiday,Available,Available,Not available,
2015-04-07,Tue,Normal trading day,Available,Available,Available,
2015-04-08,Wed,Normal trading day,Available,Available,Available,
2015-04-09,Thu,Normal trading day,Available,Available,Available,
2015-04-10,Fri,Normal trading day,Available,Available,Available,
2015-04-11,Sat,No trading day,Not available,Not available,Not available,
2015-04-12,Sun,No trading day,Not available,Not available,Not available,
2015-04-13,Mon,Normal trading day,Available,Available,Available,
2015-04-14,Tue,Normal trading day,Available,Available,Available,
2015-04-15,Wed,Normal trading day,Available,Available,Available,
2015-04-16,Thu,Normal trading day,Available,Available,Available,
2015-04-17,Fri,Normal trading day,Available,Available,Available,
2015-04-18,Sat,No trading day,Not available,Not available,Not available,
2015-04-19,Sun,No trading day,Not available,Not available,Not available,
2015-04-20,Mon,Normal trading day,Available,Available,Available,
2015-04-21,Tue,Normal trading day,Available,Available,Available,
2015-04-22,Wed,Normal trading day,Available,Available,Available,
2015-04-23,Thu,Normal trading day,Available,Available,Available,
2015-04-24,Fri,Normal trading day,Available,Available,Available,
2015-04-25,Sat,No trading day,Not available,Not available,Not available,
2015-04-26,Sun,No trading day,Not available,Not available,Not available,
2015-04-27,Mon,Normal trading day,Available,Available,Available,
2015-04-28,Tue,Normal trading day,Available,Available,Available,
2015-04-29,Wed,Normal trading day,Available,Available,Available,
2015-04-30,Thu,Normal trading day,Available,Available,Available,
2015-05-01,Fri,Holiday,Available,Available,Not available,
2015-05-02,Sat,No trading day,Not available,Not available,Not available,
2015-05-03,Sun,No trading day,Not available,Not available,Not available,
2015-05-04,Mon,Normal trading day,Available,Available,Available,
2015-05-05,Tue,Normal trading day,Available,Available,Available,
2015-05-06,Wed,Normal trading day,Available,Available,Available,
2015-05-07,Thu,Normal trading day,Available,Available,Available,
2015-05-08,Fri,Normal trading day,Available,Available,Available,
2015-05-09,Sat,No trading day,Not available,Not available,Not available,
2015-05-10,Sun,No trading day,Not available,Not available,Not available,
2015-05-11,Mon,Normal trading day,Available,Available,Available,
2015-05-12,Tue,Normal trading day,Available,Available,Available,
2015-05-13,Wed,Normal trading day,Available,Available,Available,
2015-05-14,Thu,Normal trading day,Available,Available,Available,
2015-05-15,Fri,Normal trading day,Available,Available,Available,
2015-05-16,Sat,No trading day,Not available,Not available,Not available,
2015-05-17,Sun,No trading day,Not available,Not available,Not available,
2015-05-18,Mon,Normal trading day,Available,Available,Available,
2015-05-19,Tue,Normal trading day,Available,Available,Available,
2015-05-20,Wed,Normal trading day,Available,Available,Available,
2015-05-21,Thu,Normal trading day,Available,Available,Available,
2015-05-22,Fri,Normal trading day,Available,Available,Available,
2015-05-23,Sat,No trading day,Not available,Not available,Not available,
2015-05-24,Sun,No trading day,Not available,Not available,Not available,
2015-05-25,Mon,Normal trading day,Available,Available,Not available,"Technical Issue, Currently under investigations"
2015-05-26,Tue,Normal trading day,Available,Available,Available,
2015-05-27,Wed,Normal trading day,Available,Available,Available,
2015-05-28,Thu,Normal trading day,Available,Available,Available,
2015-05-29,Fri,Normal trading day,Available,Available,Available,
2015-05-30,Sat,No trading day,Not available,Not available,Not available,
2015-05-31,Sun,No trading day,Not available,Not available,Not available,
2015-06-01,Mon,Normal trading day,Available,Available,Available,
2015-06-02,Tue,Normal trading day,Available,Available,Available,
2015-06-03,Wed,Normal trading day,Available,Available,Available,
2015-06-04,Thu,Normal trading day,Available,Available,Available,
2015-06-05,Fri,Normal trading day,Available,Available,Available,
2015-06-06,Sat,No trading day,Not available,Not available,Not available,
2015-06-07,Sun,No trading day,Not available,Not available,Not available,
2015-06-08,Mon,Normal trading day,Available,Available,Available,
2015-06-09,Tue,Normal trading day,Available,Available,Available,
2015-06-10,Wed,Normal trading day,Available,Available,Available,
2015-06-11,Thu,Normal trading day,Available,Available,Available,
2015-06-12,Fri,Normal trading day,Available,Available,Available,
2015-06-13,Sat,No trading day,Not available,Not available,Not available,
2015-06-14,Sun,No trading day,Not available,Not available,Not available,
2015-06-15,Mon,Normal trading day,Available,Available,Available,
2015-06-16,Tue,Normal trading day,Available,Available,Available,
2015-06-17,Wed,Normal trading day,Available,Available,Available,
2015-06-18,Thu,Normal trading day,Available,Available,Available,
2015-06-19,Fri,Normal trading day,Available,Available,Available,
2015-06-20,Sat,No trading day,Not available,Not available,Not available,
2015-06-21,Sun,No trading day,Not available,Not available,Not available,
2015-06-22,Mon,Normal trading day,Available,Available,Available,
2015-06-23,Tue,Normal trading day,Available,Available,Available,
2015-06-24,Wed,Normal trading day,Available,Available,Available,
2015-06-25,Thu,Normal trading day,Available,Available,Available,
2015-06-26,Fri,Normal trading day,Available,Available,Available,
2015-06-27,Sat,No trading day,Not available,Not available,Not available,
2015-06-28,Sun,No trading day,Not available,Not available,Not available,
2015-06-29,Mon,Normal trading day,Available,Available,Available,
2015-06-30,Tue,Normal trading day,Available,Available,Available,
2015-07-01,Wed,Normal trading day,Available,Available,Available,
2015-07-02,Thu,Normal trading day,Available,Available,Available,
2015-07-03,Fri,Normal trading day,Available,Available,Available,
2015-07-04,Sat,No trading day,Not available,Not available,Not available,
2015-07-05,Sun,No trading day,Not available,Not available,Not available,
2015-07-06,Mon,Normal trading day,Available,Available,Available,
2015-07-07,Tue,Normal trading day,Available,Available,Available,
2015-07-08,Wed,Normal trading day,Available,Available,Available,
2015-07-09,Thu,Normal trading day,Available,Available,Available,
2015-07-10,Fri,Normal trading day,Available,Available,Available,
2015-07-11,Sat,No trading day,Not available,Not available,Not available,
2015-07-12,Sun,No trading day,Not available,Not available,Not available,
2015-07-13,Mon,Normal trading day,Available,Available,Available,
2015-07-14,Tue,Normal trading day,Available,Available,Available,
2015-07-15,Wed,Normal trading day,Available,Available,Available,
2015-07-16,Thu,Normal trading day,Available,Available,Available,
2015-07-17,Fri,Normal trading day,Available,Available,Available,
2015-07-18,Sat,No trading day,Not available,Not available,Not available,
2015-07-19,Sun,No trading day,Not available,Not available,Not available,
2015-07-20,Mon,Normal trading day,Available,Available,Available,
2015-07-21,Tue,Normal trading day,Available,Available,Available,
2015-07-22,Wed,Normal trading day,Available,Available,Available,
2015-07-23,Thu,Normal trading day,Available,Available,Available,
2015-07-24,Fri,Normal trading day,Available,Available,Available,
2015-07-25,Sat,No trading day,Not available,Not available,Not available,
2015-07-26,Sun,No trading day,Not available,Not available,Not available,
2015-07-27,Mon,Normal trading day,Available,Available,Available,
2015-07-28,Tue,Normal trading day,Available,Available,Available,
2015-07-29,Wed,Normal trading day,Available,Available,Available,
2015-07-30,Thu,Normal trading day,Available,Available,Available,
2015-07-31,Fri,Normal trading day,Available,Available,Available,
2015-08-01,Sat,No trading day,Not available,Not available,Not available,
2015-08-02,Sun,No trading day,Not available,Not available,Not available,
2015-08-03,Mon,Normal trading day,Available,Available,Available,
2015-08-04,Tue,Normal trading day,Available,Available,Available,
2015-08-05,Wed,Normal trading day,Available,Available,Available,
2015-08-06,Thu,Normal trading day,Available,Available,Available,
2015-08-07,Fri,Normal trading day,Available,Available,Available,
2015-08-08,Sat,No trading day,Not available,Not available,Not available,
2015-08-09,Sun,No trading day,Not available,Not available,Not available,
2015-08-10,Mon,Normal trading day,Available,Available,Available,
2015-08-11,Tue,Normal trading day,Available,Available,Available,
2015-08-12,Wed,Normal trading day,Available,Available,Available,
2015-08-13,Thu,Normal trading day,Available,Available,Available,
2015-08-14,Fri,Normal trading day,Available,Available,Available,
2015-08-15,Sat,No trading day,Not available,Not available,Not available,
2015-08-16,Sun,No trading day,Not available,Not available,Not available,
2015-08-17,Mon,Normal trading day,Available,Available,Available,
2015-08-18,Tue,Normal trading day,Available,Available,Available,
2015-08-19,Wed,Normal trading day,Available,Available,Available,
2015-08-20,Thu,Normal trading day,Available,Available,Available,
2015-08-21,Fri,Normal trading day,Available,Available,Available,
2015-08-22,Sat,No trading day,Not available,Not available,Not available,
2015-08-23,Sun,No trading day,Not available,Not available,Not available,
2015-08-24,Mon,Normal trading day,Available,Available,Available,
2015-08-25,Tue,Normal trading day,Available,Available,Available,
2015-08-26,Wed,Normal trading day,Available,Available,Available,
2015-08-27,Thu,Normal trading day,Available,Available,Available,
2015-08-28,Fri,Normal trading day,Available,Available,Available,
2015-08-29,Sat,No trading day,Not available,Not available,Not available,
2015-08-30,Sun,No trading day,Not available,Not available,Not available,
2015-08-31,Mon,Normal trading day,Available,Available,Available,
2015-09-01,Tue,Normal trading day,Available,Available,Available,
2015-09-02,Wed,Normal trading day,Available,Available,Available,
2015-09-03,Thu,Normal trading day,Available,Available,Available,
2015-09-04,Fri,Normal trading day,Available,Available,Available,
2015-09-05,Sat,No trading day,Not available,Not available,Not available,
2015-09-06,Sun,No trading day,Not available,Not available,Not available,
2015-09-07,Mon,Normal trading day,Available,Available,Available,
2015-09-08,Tue,Normal trading day,Available,Available,Available,
2015-09-09,Wed,Normal trading day,Available,Available,Available,
2015-09-10,Thu,Normal trading day,Available,Available,Available,
2015-09-11,Fri,Normal trading day,Available,Available,Available,
2015-09-12,Sat,No trading day,Not available,Not available,Not available,
2015-09-13,Sun,No trading day,Not available,Not available,Not available,
2015-09-14,Mon,Normal trading day,Available,Available,Available,
2015-09-15,Tue,Normal trading day,Available,Available,Available,
2015-09-16,Wed,Normal trading day,Available,Available,Available,
2015-09-17,Thu,Normal trading day,Available,Available,Available,
2015-09-18,Fri,Normal trading day,Available,Available,Available,
2015-09-19,Sat,No trading day,Not available,Not available,Not available,
2015-09-20,Sun,No trading day,Not available,Not available,Not available,
2015-09-21,Mon,Normal trading day,Available,Available,Available,
2015-09-22,Tue,Normal trading day,Available,Available,Available,
2015-09-23,Wed,Normal trading day,Available,Available,Available,
2015-09-24,Thu,Normal trading day,Available,Available,Available,
2015-09-25,Fri,Normal trading day,Available,Available,Available,
2015-09-26,Sat,No trading day,Not available,Not available,Not available,
2015-09-27,Sun,No trading day,Not available,Not available,Not available,
2015-09-28,Mon,Normal trading day,Available,Available,Available,
2015-09-29,Tue,Normal trading day,Available,Available,Available,
2015-09-30,Wed,Normal trading day,Available,Available,Available,
2015-10-01,Thu,Normal trading day,Available,Available,Available,
2015-10-02,Fri,Normal trading day,Available,Available,Available,
2015-10-03,Sat,No trading day,Not available,Not available,Not available,
2015-10-04,Sun,No trading day,Not available,Not available,Not available,
2015-10-05,Mon,Normal trading day,Available,Available,Available,
2015-10-06,Tue,Normal trading day,Available,Available,Available,
2015-10-07,Wed,Normal trading day,Available,Available,Available,
2015-10-08,Thu,Normal trading day,Available,Available,Available,
2015-10-09,Fri,Normal trading day,Available,Available,Available,
2015-10-10,Sat,No trading day,Not available,Not available,Not available,
2015-10-11,Sun,No trading day,Not available,Not available,Not available,
2015-10-12,Mon,Normal trading day,Available,Available,Available,
2015-10-13,Tue,Normal trading day,Available,Available,Available,
2015-10-14,Wed,Normal trading day,Available,Available,Available,
2015-10-15,Thu,Normal trading day,Available,Available,Available,
2015-10-16,Fri,Normal trading day,Available,Available,Available,
2015-10-17,Sat,No trading day,Available,Available,Not available,
2015-10-18,Sun,No trading day,Available,Available,Not available,
2015-10-19,Mon,Normal trading day,Available,Available,Available,
2015-10-20,Tue,Normal trading day,Available,Available,Available,
2015-10-21,Wed,Normal trading day,Available,Available,Available,
2015-10-22,Thu,Normal trading day,Available,Available,Available,
2015-10-23,Fri,Normal trading day,Available,Available,Available,
2015-10-24,Sat,No trading day,Available,Available,Not available,
2015-10-25,Sun,No trading day,Available,Available,Not available,
2015-10-26,Mon,Normal trading day,Available,Available,Available,
2015-10-27,Tue,Normal trading day,Available,Available,Available,
2015-10-28,Wed,Normal trading day,Available,Available,Available,
2015-10-29,Thu,Normal trading day,Available,Available,Available,
2015-10-30,Fri,Normal trading day,Available,Available,Available,
2015-10-31,Sat,No trading day,Available,Available,Not available,
2015-11-01,Sun,No trading day,Available,Available,Not available,
2015-11-02,Mon,Normal trading day,Available,Available,Available,
2015-11-03,Tue,Normal trading day,Available,Available,Available,
2015-11-04,Wed,Normal trading day,Available,Available,Available,
2015-11-05,Thu,Normal trading day,Available,Available,Available,
2015-11-06,Fri,Normal trading day,Available,Available,Available,
2015-11-07,Sat,No trading day,Available,Available,Not available,
2015-11-08,Sun,No trading day,Available,Available,Not available,
2015-11-09,Mon,Normal trading day,Available,Available,Available,
2015-11-10,Tue,Normal trading day,Available,Available,Available,
2015-11-11,Wed,Normal trading day,Available,Available,Available,
2015-11-12,Thu,Normal trading day,Available,Available,Available,
2015-11-13,Fri,Normal trading day,Available,Available,Available,
2015-11-14,Sat,No trading day,Available,Available,Not available,
2015-11-15,Sun,No trading day,Available,Available,Not available,
2015-11-16,Mon,Normal trading day,Available,Available,Available,
2015-11-17,Tue,Normal trading day,Available,Available,Available,
2015-11-18,Wed,Normal trading day,Available,Available,Available,
2015-11-19,Thu,Normal trading day,Available,Available,Available,
2015-11-20,Fri,Normal trading day,Available,Available,Available,
2015-11-21,Sat,No trading day,Available,Available,Not available,
2015-11-22,Sun,No trading day,Available,Available,Not available,
2015-11-23,Mon,Normal trading day,Available,Available,Available,
2015-11-24,Tue,Normal trading day,Available,Available,Available,
2015-11-25,Wed,Normal trading day,Available,Available,Available,
2015-11-26,Thu,Normal trading day,Available,Available,Available,
2015-11-27,Fri,Normal trading day,Available,Available,Available,
2015-11-28,Sat,No trading day,Available,Not available,Not available,
2015-11-29,Sun,No trading day,Available,Not available,Not available,
2015-11-30,Mon,Normal trading day,Available,Available,Available,
2015-12-01,Tue,Normal trading day,Available,Available,Available,
2015-12-02,Wed,Normal trading day,Available,Available,Available,
2015-12-03,Thu,Normal trading day,Available,Available,Available,
2015-12-04,Fri,Normal trading day,Available,Available,Available,
2015-12-05,Sat,No trading day,Available,Not available,Not available,
2015-12-06,Sun,No trading day,Available,Not available,Not available,
2015-12-07,Mon,Normal trading day,Available,Available,Available,
2015-12-08,Tue,Normal trading day,Available,Available,Available,
2015-12-09,Wed,Normal trading day,Available,Available,Available,
2015-12-10,Thu,Normal trading day,Available,Available,Available,
2015-12-11,Fri,Normal trading day,Available,Available,Available,
2015-12-12,Sat,No trading day,Available,Available,Not available,
2015-12-13,Sun,No trading day,Available,Available,Not available,
2015-12-14,Mon,Normal trading day,Not available,Available,Not available,"Technical Issue, Currently under investigations"
2015-12-15,Tue,Normal trading day,Available,Available,Available,
2015-12-16,Wed,Normal trading day,Available,Available,Available,
2015-12-17,Thu,Normal trading day,Available,Available,Available,
2015-12-18,Fri,Normal trading day,Available,Available,Available,
2015-12-19,Sat,No trading day,Available,Not available,Not available,
2015-12-20,Sun,No trading day,Available,Not available,Not available,
2015-12-21,Mon,Normal trading day,Available,Available,Available,
2015-12-22,Tue,Normal trading day,Available,Available,Available,
2015-12-23,Wed,Normal trading day,Available,Available,Available,
2015-12-24,Thu,Holiday,Available,Available,Not available,
2015-12-25,Fri,Holiday,Available,Not available,Not available,
2015-12-26,Sat,Holiday,Available,Not available,Not available,
2015-12-27,Sun,No trading day,Available,Not available,Not available,
2015-12-28,Mon,Normal trading day,Available,Available,Available,
2015-12-29,Tue,Normal trading day,Available,Available,Available,
2015-12-30,Wed,Normal trading day,Available,Available,Available,
2015-12-31,Thu,Holiday,Available,Available,Not available,
2016-01-01,Fri,Holiday,Available,Not available,Not available,
2016-01-02,Sat,No trading day,Available,Not available,Not available,
2016-01-03,Sun,No trading day,Available,Not available,Not available,
2016-01-04,Mon,Normal trading day,Available,Available,Available,
2016-01-05,Tue,Normal trading day,Available,Available,Available,
2016-01-06,Wed,Normal trading day,Available,Available,Available,
2016-01-07,Thu,Normal trading day,Available,Available,Available,
2016-01-08,Fri,Normal trading day,Available,Available,Available,
2016-01-09,Sat,No trading day,Available,Not available,Not available,
2016-01-10,Sun,No trading day,Available,Not available,Not available,
2016-01-11,Mon,Normal trading day,Available,Available,Available,
2016-01-12,Tue,Normal trading day,Available,Available,Available,
2016-01-13,Wed,Normal trading day,Available,Available,Available,
2016-01-14,Thu,Normal trading day,Available,Available,Available,
2016-01-15,Fri,Normal trading day,Available,Available,Available,
2016-01-16,Sat,No trading day,Available,Not available,Not available,
2016-01-17,Sun,No trading day,Available,Not available,Not available,
2016-01-18,Mon,Normal trading day,Available,Available,Available,
2016-01-19,Tue,Normal trading day,Available,Available,Available,
2016-01-20,Wed,Normal trading day,Available,Available,Available,
2016-01-21,Thu,Normal trading day,Available,Available,Available,
2016-01-22,Fri,Normal trading day,Available,Available,Available,
2016-01-23,Sat,No trading day,Available,Not available,Not available,
2016-01-24,Sun,No trading day,Available,Not available,Not available,
2016-01-25,Mon,Normal trading day,Available,Available,Available,
2016-01-26,Tue,Normal trading day,Available,Available,Available,
2016-01-27,Wed,Normal trading day,Available,Available,Available,
2016-01-28,Thu,Normal trading day,Available,Available,Available,
2016-01-29,Fri,Normal trading day,Available,Available,Available,
2016-01-30,Sat,No trading day,Available,Not available,Not available,
2016-01-31,Sun,No trading day,Available,Not available,Not available,
2016-02-01,Mon,Normal trading day,Available,Available,Available,
2016-02-02,Tue,Normal trading day,Available,Available,Available,
2016-02-03,Wed,Normal trading day,Available,Available,Available,
2016-02-04,Thu,Normal trading day,Available,Available,Available,
2016-02-05,Fri,Normal trading day,Available,Available,Available,
2016-02-06,Sat,No trading day,Available,Not available,Not available,
2016-02-07,Sun,No trading day,Available,Not available,Not available,
2016-02-08,Mon,Normal trading day,Available,Available,Available,
2016-02-09,Tue,Normal trading day,Available,Available,Available,
2016-02-10,Wed,Normal trading day,Available,Available,Available,
2016-02-11,Thu,Normal trading day,Available,Available,Available,
2016-02-12,Fri,Normal trading day,Available,Available,Available,
2016-02-13,Sat,No trading day,Available,Available,Not available,
2016-02-14,Sun,No trading day,Available,Available,Not available,
2016-02-15,Mon,Normal trading day,Available,Available,Available,
2016-02-16,Tue,Normal trading day,Available,Available,Available,
2016-02-17,Wed,Normal trading day,Available,Available,Available,
2016-02-18,Thu,Normal trading day,Available,Available,Available,
2016-02-19,Fri,Normal trading day,Available,Available,Available,
2016-02-20,Sat,No trading day,Available,Not available,Not available,
2016-02-21,Sun,No trading day,Available,Not available,Not available,
2016-02-22,Mon,Normal trading day,Available,Available,Available,"Missing sequences, further investigation required"
2016-02-23,Tue,Normal trading day,Available,Available,Available,
2016-02-24,Wed,Normal trading day,Available,Available,Available,
2016-02-25,Thu,Normal trading day,Available,Available,Available,
2016-02-26,Fri,Normal trading day,Available,Available,Available,
2016-02-27,Sat,No trading day,Available,Available,Not available,
2016-02-28,Sun,No trading day,Available,Available,Not available,
2016-02-29,Mon,Normal trading day,Available,Available,Available,
2016-03-01,Tue,Normal trading day,Available,Available,Available,
2016-03-02,Wed,Normal trading day,Available,Available,Available,
2016-03-03,Thu,Normal trading day,Available,Available,Available,
2016-03-04,Fri,Normal trading day,Available,Available,Available,
2016-03-05,Sat,No trading day,Available,Not available,Not available,
2016-03-06,Sun,No trading day,Available,Not available,Not available,
2016-03-07,Mon,Normal trading day,Available,Available,Available,
2016-03-08,Tue,Normal trading day,Available,Available,Available,
2016-03-09,Wed,Normal trading day,Available,Available,Available,
2016-03-10,Thu,Normal trading day,Available,Available,Available,
2016-03-11,Fri,Normal trading day,Available,Available,Available,
2016-03-12,Sat,No trading day,Available,Not available,Not available,
2016-03-13,Sun,No trading day,Available,Not available,Not available,
2016-03-14,Mon,Normal trading day,Available,Available,Available,
2016-03-15,Tue,Normal trading day,Available,Available,Available,
2016-03-16,Wed,Normal trading day,Available,Available,Available,
2016-03-17,Thu,Normal trading day,Available,Available,Available,
2016-03-18,Fri,Normal trading day,Available,Available,Available,
2016-03-19,Sat,No trading day,Available,Not available,Not available,
2016-03-20,Sun,No trading day,Available,Not available,Not available,
2016-03-21,Mon,Normal trading day,Available,Available,Available,
2016-03-22,Tue,Normal trading day,Available,Available,Available,
2016-03-23,Wed,Normal trading day,Available,Available,Available,
2016-03-24,Thu,Normal trading day,Available,Available,Available,
2016-03-25,Fri,Holiday,Available,Not available,Not available,
2016-03-26,Sat,No trading day,Available,Not available,Not available,
2016-03-27,Sun,No trading day,Available,Not available,Not available,
2016-03-28,Mon,Holiday,Available,Not available,Not available,
2016-03-29,Tue,Normal trading day,Available,Available,Available,
2016-03-30,Wed,Normal trading day,Available,Available,Available,
2016-03-31,Thu,Normal trading day,Available,Available,Available,
2016-04-01,Fri,Normal trading day,Available,Available,Available,
2016-04-02,Sat,No trading day,Available,Not available,Not available,
2016-04-03,Sun,No trading day,Available,Not available,Not available,
2016-04-04,Mon,Normal trading day,Available,Available,Available,
2016-04-05,Tue,Normal trading day,Available,Available,Available,
2016-04-06,Wed,Normal trading day,Available,Available,Available,
2016-04-07,Thu,Normal trading day,Available,Available,Available,
2016-04-08,Fri,Normal trading day,Available,Available,Available,
2016-04-09,Sat,No trading day,Available,Available,Not available,
2016-04-10,Sun,No trading day,Available,Available,Not available,
2016-04-11,Mon,Normal trading day,Available,Available,Available,
2016-04-12,Tue,Normal trading day,Available,Available,Available,
2016-04-13,Wed,Normal trading day,Available,Available,Available,
2016-04-14,Thu,Normal trading day,Available,Available,Available,
2016-04-15,Fri,Normal trading day,Available,Available,Available,
2016-04-16,Sat,No trading day,Available,Available,Not available,
2016-04-17,Sun,No trading day,Available,Available,Not available,
2016-04-18,Mon,Normal trading day,Available,Available,Available,
2016-04-19,Tue,Normal trading day,Available,Available,Available,
2016-04-20,Wed,Normal trading day,Available,Available,Available,
2016-04-21,Thu,Normal trading day,Available,Available,Available,
2016-04-22,Fri,Normal trading day,Available,Available,Available,
2016-04-23,Sat,No trading day,Available,Not available,Not available,
2016-04-24,Sun,No trading day,Available,Not available,Not available,
2016-04-25,Mon,Normal trading day,Available,Available,Available,
2016-04-26,Tue,Normal trading day,Available,Available,Available,
2016-04-27,Wed,Normal trading day,Available,Available,Available,
2016-04-28,Thu,Normal trading day,Available,Available,Available,
2016-04-29,Fri,Normal trading day,Available,Available,Available,
2016-04-30,Sat,No trading day,Available,Not available,Not available,
2016-05-01,Sun,Holiday,Available,Not available,Not available,
2016-05-02,Mon,Normal trading day,Available,Available,Available,
2016-05-03,Tue,Normal trading day,Available,Available,Available,
2016-05-04,Wed,Normal trading day,Available,Available,Available,
2016-05-05,Thu,Normal trading day,Available,Available,Available,
2016-05-06,Fri,Normal trading day,Available,Available,Available,
2016-05-07,Sat,No trading day,Available,Not available,Not available,
2016-05-08,Sun,No trading day,Available,Not available,Not available,
2016-05-09,Mon,Normal trading day,Available,Available,Available,
2016-05-10,Tue,Normal trading day,Available,Available,Available,
2016-05-11,Wed,Normal trading day,Available,Available,Available,
2016-05-12,Thu,Normal trading day,Available,Available,Available,
2016-05-13,Fri,Normal trading day,Available,Available,Available,
2016-05-14,Sat,No trading day,Available,Not available,Not available,
2016-05-15,Sun,No trading day,Available,Not available,Not available,
2016-05-16,Mon,Normal trading day,Available,Available,Available,
2016-05-17,Tue,Normal trading day,Available,Available,Available,
2016-05-18,Wed,Normal trading day,Available,Available,Available,
2016-05-19,Thu,Normal trading day,Available,Available,Available,
2016-05-20,Fri,Normal trading day,Available,Available,Available,
2016-05-21,Sat,No trading day,Available,Available,Not available,
2016-05-22,Sun,No trading day,Available,Available,Not available,
2016-05-23,Mon,Normal trading day,Available,Available,Available,
2016-05-24,Tue,Normal trading day,Available,Available,Available,
2016-05-25,Wed,Normal trading day,Available,Available,Available,
2016-05-26,Thu,Normal trading day,Available,Available,Available,
2016-05-27,Fri,Normal trading day,Available,Available,Available,
2016-05-28,Sat,No trading day,Available,Not available,Not available,
2016-05-29,Sun,No trading day,Available,Not available,Not available,
2016-05-30,Mon,Normal trading day,Available,Available,Available,
2016-05-31,Tue,Normal trading day,Available,Available,Available,
2016-06-01,Wed,Normal trading day,Available,Available,Available,
2016-06-02,Thu,Normal trading day,Available,Available,Available,
2016-06-03,Fri,Normal trading day,Available,Available,Available,
2016-06-04,Sat,No trading day,Available,Not available,Not available,
2016-06-05,Sun,No trading day,Available,Not available,Not available,
2016-06-06,Mon,Normal trading day,Available,Available,Available,
2016-06-07,Tue,Normal trading day,Available,Available,Available,
2016-06-08,Wed,Normal trading day,Available,Available,Available,
2016-06-09,Thu,Normal trading day,Available,Available,Available,
2016-06-10,Fri,Normal trading day,Available,Available,Available,
2016-06-11,Sat,No trading day,Available,Not available,Not available,
2016-06-12,Sun,No trading day,Available,Not available,Not available,
2016-06-13,Mon,Normal trading day,Available,Available,Available,
2016-06-14,Tue,Normal trading day,Available,Available,Available,
2016-06-15,Wed,Normal trading day,Available,Available,Available,
2016-06-16,Thu,Normal trading day,Available,Available,Available,
2016-06-17,Fri,Normal trading day,Available,Available,Available,
2016-06-18,Sat,No trading day,Available,Not available,Not available,
2016-06-19,Sun,No trading day,Available,Not available,Not available,
2016-06-20,Mon,Normal trading day,Available,Available,Available,
2016-06-21,Tue,Normal trading day,Available,Available,Available,
2016-06-22,Wed,Normal trading day,Available,Available,Available,
2016-06-23,Thu,Normal trading day,Available,Available,Available,
2016-06-24,Fri,Normal trading day,Available,Available,Available,
2016-06-25,Sat,No trading day,Available,Not available,Not available,
2016-06-26,Sun,No trading day,Available,Not available,Not available,
2016-06-27,Mon,Normal trading day,Available,Available,Available,
2016-06-28,Tue,Normal trading day,Available,Available,Available,
2016-06-29,Wed,Normal trading day,Available,Available,Available,
2016-06-30,Thu,Normal trading day,Available,Available,Available,
2016-07-01,Fri,Normal trading day,Available,Available,Available,
2016-07-02,Sat,No trading day,Available,Not available,Not available,
2016-07-03,Sun,No trading day,Available,Not available,Not available,
2016-07-04,Mon,Normal trading day,Available,Available,Available,
2016-07-05,Tue,Normal trading day,Available,Available,Available,
2016-07-06,Wed,Normal trading day,Available,Available,Available,
2016-07-07,Thu,Normal trading day,Available,Available,Available,
2016-07-08,Fri,Normal trading day,Available,Available,Available,
2016-07-09,Sat,No trading day,Available,Not available,Not available,
2016-07-10,Sun,No trading day,Available,Not available,Not available,
2016-07-11,Mon,Normal trading day,Available,Available,Available,
2016-07-12,Tue,Normal trading day,Available,Available,Available,
2016-07-13,Wed,Normal trading day,Available,Available,Available,
2016-07-14,Thu,Normal trading day,Available,Available,Available,
2016-07-15,Fri,Normal trading day,Available,Available,Available,
2016-07-16,Sat,No trading day,Available,Available,Not available,
2016-07-17,Sun,No trading day,Available,Available,Not available,
2016-07-18,Mon,Normal trading day,Available,Available,Available,
2016-07-19,Tue,Normal trading day,Available,Available,Available,
2016-07-20,Wed,Normal trading day,Available,Available,Available,
2016-07-21,Thu,Normal trading day,Available,Available,Available,
2016-07-22,Fri,Normal trading day,Available,Available,Available,
2016-07-23,Sat,No trading day,Available,Available,Not available,
2016-07-24,Sun,No trading day,Available,Available,Not available,
2016-07-25,Mon,Normal trading day,Available,Available,Available,
2016-07-26,Tue,Normal trading day,Available,Available,Available,
2016-07-27,Wed,Normal trading day,Available,Available,Available,
2016-07-28,Thu,Normal trading day,Available,Available,Available,
2016-07-29,Fri,Normal trading day,Available,Available,Available,
2016-07-30,Sat,No trading day,Available,Not available,Not available,
2016-07-31,Sun,No trading day,Available,Not available,Not available,
2016-08-01,Mon,Normal trading day,Available,Available,Available,
2016-08-02,Tue,Normal trading day,Available,Available,Available,
2016-08-03,Wed,Normal trading day,Available,Available,Available,
2016-08-04,Thu,Normal trading day,Available,Available,Available,
2016-08-05,Fri,Normal trading day,Available,Available,Available,
2016-08-06,Sat,No trading day,Available,Not available,Not available,
2016-08-07,Sun,No trading day,Available,Not available,Not available,
2016-08-08,Mon,Normal trading day,Available,Available,Available,
2016-08-09,Tue,Normal trading day,Available,Available,Available,
2016-08-10,Wed,Normal trading day,Available,Available,Available,
2016-08-11,Thu,Normal trading day,Available,Available,Available,
2016-08-12,Fri,Normal trading day,Available,Available,Available,
2016-08-13,Sat,No trading day,Available,Not available,Not available,
2016-08-14,Sun,No trading day,Available,Not available,Not available,
2016-08-15,Mon,Normal trading day,Available,Available,Available,
2016-08-16,Tue,Normal trading day,Available,Available,Available,
2016-08-17,Wed,Normal trading day,Available,Available,Available,
2016-08-18,Thu,Normal trading day,Available,Available,Available,
2016-08-19,Fri,Normal trading day,Available,Available,Available,
2016-08-20,Sat,No trading day,Available,Not available,Not available,
2016-08-21,Sun,No trading day,Available,Not available,Not available,
2016-08-22,Mon,Normal trading day,Available,Available,Available,
2016-08-23,Tue,Normal trading day,Available,Available,Available,
2016-08-24,Wed,Normal trading day,Available,Available,Available,
2016-08-25,Thu,Normal trading day,Available,Available,Available,
2016-08-26,Fri,Normal trading day,Available,Available,Available,
2016-08-27,Sat,No trading day,Available,Not available,Not available,
2016-08-28,Sun,No trading day,Available,Not available,Not available,
2016-08-29,Mon,Normal trading day,Available,Available,Available,
2016-08-30,Tue,Normal trading day,Available,Available,Available,
2016-08-31,Wed,Normal trading day,Available,Available,Available,
2016-09-01,Thu,Normal trading day,Available,Available,Available,
2016-09-02,Fri,Normal trading day,Available,Available,Available,
2016-09-03,Sat,No trading day,Available,Not available,Not available,
2016-09-04,Sun,No trading day,Available,Not available,Not available,
2016-09-05,Mon,Normal trading day,Available,Available,Available,
2016-09-06,Tue,Normal trading day,Available,Available,Available,
2016-09-07,Wed,Normal trading day,Available,Available,Available,
2016-09-08,Thu,Normal trading day,Available,Available,Available,
2016-09-09,Fri,Normal trading day,Available,Available,Available,
2016-09-10,Sat,No trading day,Available,Not available,Not available,
2016-09-11,Sun,No trading day,Available,Not available,Not available,
2016-09-12,Mon,Normal trading day,Available,Available,Available,
2016-09-13,Tue,Normal trading day,Available,Available,Available,
2016-09-14,Wed,Normal trading day,Available,Available,Available,
2016-09-15,Thu,Normal trading day,Available,Available,Available,
2016-09-16,Fri,Normal trading day,Available,Available,Available,
2016-09-17,Sat,No trading day,Available,Available,Not available,
2016-09-18,Sun,No trading day,Available,Available,Not available,
2016-09-19,Mon,Normal trading day,Available,Available,Available,
2016-09-20,Tue,Normal trading day,Available,Available,Available,
2016-09-21,Wed,Normal trading day,Available,Available,Available,
2016-09-22,Thu,Normal trading day,Available,Available,Available,
2016-09-23,Fri,Normal trading day,Available,Available,Available,
2016-09-24,Sat,No trading day,Available,Available,Not available,
2016-09-25,Sun,No trading day,Available,Available,Not available,
2016-09-26,Mon,Normal trading day,Available,Available,Available,
2016-09-27,Tue,Normal trading day,Available,Available,Available,
2016-09-28,Wed,Normal trading day,Available,Available,Available,
2016-09-29,Thu,Normal trading day,Available,Available,Available,
2016-09-30,Fri,Normal trading day,Available,Available,Available,
2016-10-01,Sat,No trading day,Available,Not available,Not available,
2016-10-02,Sun,No trading day,Available,Not available,Not available,
2016-10-03,Mon,Normal trading day,Available,Available,Available,
2016-10-04,Tue,Normal trading day,Available,Available,Available,
2016-10-05,Wed,Normal trading day,Available,Available,Available,
2016-10-06,Thu,Normal trading day,Available,Available,Available,
2016-10-07,Fri,Normal trading day,Available,Available,Available,
2016-10-08,Sat,No trading day,Available,Not available,Not available,
2016-10-09,Sun,No trading day,Available,Not available,Not available,
2016-10-10,Mon,Normal trading day,Available,Available,Available,
2016-10-11,Tue,Normal trading day,Available,Available,Available,
2016-10-12,Wed,Normal trading day,Available,Available,Available,
2016-10-13,Thu,Normal trading day,Available,Available,Available,
2016-10-14,Fri,Normal trading day,Available,Available,Available,
2016-10-15,Sat,No trading day,Available,Available,Not available,
2016-10-16,Sun,No trading day,Available,Available,Not available,
2016-10-17,Mon,Normal trading day,Available,Available,Available,
2016-10-18,Tue,Normal trading day,Available,Available,Available,
2016-10-19,Wed,Normal trading day,Available,Available,Available,
2016-10-20,Thu,Normal trading day,Available,Available,Available,
2016-10-21,Fri,Normal trading day,Available,Available,Available,
2016-10-22,Sat,No trading day,Available,Not available,Not available,
2016-10-23,Sun,No trading day,Available,Not available,Not available,
2016-10-24,Mon,Normal trading day,Available,Available,Available,
2016-10-25,Tue,Normal trading day,Available,Available,Available,
2016-10-26,Wed,Normal trading day,Available,Available,Available,
2016-10-27,Thu,Normal trading day,Available,Available,Available,
2016-10-28,Fri,Normal trading day,Available,Available,Available,
2016-10-29,Sat,No trading day,Available,Not available,Not available,
2016-10-30,Sun,No trading day,Available,Not available,Not available,
2016-10-31,Mon,Normal trading day,Available,Available,Available,
2016-11-01,Tue,Normal trading day,Available,Available,Available,
2016-11-02,Wed,Normal trading day,Available,Available,Available,
2016-11-03,Thu,Normal trading day,Available,Available,Available,
2016-11-04,Fri,Normal trading day,Available,Available,Available,
2016-11-05,Sat,No trading day,Available,Not available,Not available,
2016-11-06,Sun,No trading day,Available,Not available,Not available,
2016-11-07,Mon,Normal trading day,Available,Available,Available,
2016-11-08,Tue,Normal trading day,Available,Available,Available,
2016-11-09,Wed,Normal trading day,Available,Available,Available,"Missing sequences, further investigation required"
2016-11-10,Thu,Normal trading day,Available,Available,Available,
2016-11-11,Fri,Normal trading day,Available,Available,Available,
2016-11-12,Sat,No trading day,Available,Not available,Not available,
2016-11-13,Sun,No trading day,Available,Not available,Not available,
2016-11-14,Mon,Normal trading day,Available,Available,Available,
2016-11-15,Tue,Normal trading day,Available,Available,Available,
2016-11-16,Wed,Normal trading day,Available,Available,Available,
2016-11-17,Thu,Normal trading day,Available,Available,Available,
2016-11-18,Fri,Normal trading day,Available,Available,Available,
2016-11-19,Sat,No trading day,Available,Available,Not available,
2016-11-20,Sun,No trading day,Available,Available,Not available,
2016-11-21,Mon,Normal trading day,Available,Available,Available,"Missing sequences, further investigation required"
2016-11-22,Tue,Normal trading day,Available,Available,Available,"Missing sequences, further investigation required"
2016-11-23,Wed,Normal trading day,Available,Available,Available,"Missing sequences, further investigation required"
2016-11-24,Thu,Normal trading day,Available,Available,Available,
2016-11-25,Fri,Normal trading day,Available,Available,Available,
2016-11-26,Sat,No trading day,Available,Not available,Not available,
2016-11-27,Sun,No trading day,Available,Not available,Not available,
2016-11-28,Mon,Normal trading day,Available,Available,Available,
2016-11-29,Tue,Normal trading day,Available,Available,Available,"Missing sequences, further investigation required"
2016-11-30,Wed,Normal trading day,Available,Available,Available,
2016-12-01,Thu,Normal trading day,Available,Available,Available,"Missing sequences, further investigation required"
2016-12-02,Fri,Normal trading day,Available,Available,Available,"Missing sequences, further investigation required"
2016-12-03,Sat,No trading day,Available,Not available,Not available,
2016-12-04,Sun,No trading day,Available,Not available,Not available,
2016-12-05,Mon,Normal trading day,Available,Available,Available,"Missing sequences, further investigation required"
2016-12-06,Tue,Normal trading day,Available,Available,Available,"Missing sequences, further investigation required"
2016-12-07,Wed,Normal trading day,Available,Available,Available,
2016-12-08,Thu,Normal trading day,Available,Available,Available,
2016-12-09,Fri,Normal trading day,Available,Available,Available,
2016-12-10,Sat,No trading day,Available,Not available,Not available,
2016-12-11,Sun,No trading day,Available,Not available,Not available,
2016-12-12,Mon,Normal trading day,Available,Available,Available,
2016-12-13,Tue,Normal trading day,Available,Available,Available,
2016-12-14,Wed,Normal trading day,Available,Available,Available,
2016-12-15,Thu,Normal trading day,Available,Available,Available,
2016-12-16,Fri,Normal trading day,Available,Available,Available,"Missing sequences, further investigation required"
2016-12-17,Sat,No trading day,Available,Not available,Not available,
2016-12-18,Sun,No trading day,Available,Not available,Not available,
2016-12-19,Mon,Normal trading day,Available,Available,Available,
2016-12-20,Tue,Normal trading day,Available,Available,Available,
2016-12-21,Wed,Normal trading day,Available,Available,Available,
2016-12-22,Thu,Normal trading day,Available,Available,Available,
2016-12-23,Fri,Normal trading day,Available,Available,Available,"Missing sequences, further investigation required"
2016-12-24,Sat,Holiday,Available,Not available,Not available,
2016-12-25,Sun,Holiday,Available,Not available,Not available,
2016-12-26,Mon,Holiday,Available,Not available,Not available,
2016-12-27,Tue,Normal trading day,Available,Available,Available,
2016-12-28,Wed,Normal trading day,Available,Available,Available,
2016-12-29,Thu,Normal trading day,Available,Available,Available,
2016-12-30,Fri,Normal trading day,Available,Available,Available,
2016-12-31,Sat,Holiday,Available,Not available,Not available,
2017-01-01,Sun,Holiday,Available,Not available,Not available,
2017-01-02,Mon,Normal trading day,Available,Available,Available,
2017-01-03,Tue,Normal trading day,Available,Available,Available,
2017-01-04,Wed,Normal trading day,Available,Available,Available,
2017-01-05,Thu,Normal trading day,Available,Available,Available,
2017-01-06,Fri,Normal trading day,Available,Available,Available,
2017-01-07,Sat,No trading day,Available,Not available,Not available,
2017-01-08,Sun,No trading day,Available,Not available,Not available,
2017-01-09,Mon,Normal trading day,Available,Available,Available,
2017-01-10,Tue,Normal trading day,Available,Available,Available,
2017-01-11,Wed,Normal trading day,Available,Available,Available,"Missing sequences, further investigation required"
2017-01-12,Thu,Normal trading day,Available,Available,Available,
2017-01-13,Fri,Normal trading day,Available,Available,Available,
2017-01-14,Sat,No trading day,Not available,Not available,Not available,
2017-01-15,Sun,No trading day,Not available,Not available,Not available,
2017-01-16,Mon,Normal trading day,Available,Available,Available,
2017-01-17,Tue,Normal trading day,Available,Available,Available,
2017-01-18,Wed,Normal trading day,Available,Available,Available,
2017-01-19,Thu,Normal trading day,Available,Available,Available,
2017-01-20,Fri,Normal trading day,Available,Available,Available,
2017-01-21,Sat,No trading day,Not available,Not available,Not available,
2017-01-22,Sun,No trading day,Not available,Not available,Not available,
2017-01-23,Mon,Normal trading day,Available,Available,Available,
2017-01-24,Tue,Normal trading day,Available,Available,Not available,Technical Issue (power outage)
2017-01-25,Wed,Normal trading day,Available,Available,Available,
2017-01-26,Thu,Normal trading day,Available,Available,Available,
2017-01-27,Fri,Normal trading day,Available,Available,Available,
2017-01-28,Sat,No trading day,Not available,Not available,Not available,
2017-01-29,Sun,No trading day,Not available,Not available,Not available,
2017-01-30,Mon,Normal trading day,Available,Available,Available,
2017-01-31,Tue,Normal trading day,Available,Available,Available,
2017-02-01,Wed,Normal trading day,Available,Available,Available,
2017-02-02,Thu,Normal trading day,Available,Available,Available,
2017-02-03,Fri,Normal trading day,Available,Available,Available,"Missing sequences, further investigation required"
2017-02-04,Sat,No trading day,Not available,Not available,Not available,
2017-02-05,Sun,No trading day,Not available,Not available,Not available,
2017-02-06,Mon,Normal trading day,Available,Available,Available,
2017-02-07,Tue,Normal trading day,Available,Available,Available,
2017-02-08,Wed,Normal trading day,Available,Available,Available,
2017-02-09,Thu,Normal trading day,Available,Available,Available,
2017-02-10,Fri,Normal trading day,Available,Available,Available,
2017-02-11,Sat,No trading day,Available,Not available,Not available,
2017-02-12,Sun,No trading day,Available,Not available,Not available,
2017-02-13,Mon,Normal trading day,Available,Available,Available,
2017-02-14,Tue,Normal trading day,Available,Available,Available,
2017-02-15,Wed,Normal trading day,Available,Available,Available,
2017-02-16,Thu,Normal trading day,Available,Available,Available,
2017-02-17,Fri,Normal trading day,Available,Available,Available,
2017-02-18,Sat,No trading day,Available,Available,Not available,
2017-02-19,Sun,No trading day,Available,Available,Not available,
2017-02-20,Mon,Normal trading day,Available,Available,Available,
2017-02-21,Tue,Normal trading day,Available,Available,Available,
2017-02-22,Wed,Normal trading day,Available,Available,Available,
2017-02-23,Thu,Normal trading day,Available,Available,Available,
2017-02-24,Fri,Normal trading day,Available,Available,Available,
2017-02-25,Sat,No trading day,Available,Available,Not available,
2017-02-26,Sun,No trading day,Available,Available,Not available,
2017-02-27,Mon,Normal trading day,Available,Available,Available,
2017-02-28,Tue,Normal trading day,Available,Available,Available,
2017-03-01,Wed,Normal trading day,Available,Available,Available,
2017-03-02,Thu,Normal trading day,Available,Available,Available,
2017-03-03,Fri,Normal trading day,Available,Available,Available,
2017-03-04,Sat,No trading day,Available,Available,Not available,
2017-03-05,Sun,No trading day,Available,Available,Not available,
2017-03-06,Mon,Normal trading day,Available,Available,Available,
2017-03-07,Tue,Normal trading day,Available,Available,Available,
2017-03-08,Wed,Normal trading day,Available,Available,Available,
2017-03-09,Thu,Normal trading day,Available,Available,Available,
2017-03-10,Fri,Normal trading day,Available,Available,Available,
2017-03-11,Sat,No trading day,Available,Available,Not available,
2017-03-12,Sun,No trading day,Available,Available,Not available,
2017-03-13,Mon,Normal trading day,Available,Available,Available,
2017-03-14,Tue,Normal trading day,Available,Available,Available,
2017-03-15,Wed,Normal trading day,Available,Available,Available,
2017-03-16,Thu,Normal trading day,Available,Available,Available,
2017-03-17,Fri,Normal trading day,Available,Available,Available,
2017-03-18,Sat,No trading day,Available,Available,Not available,
2017-03-19,Sun,No trading day,Available,Available,Not available,
2017-03-20,Mon,Normal trading day,Available,Available,Available,
2017-03-21,Tue,Normal trading day,Available,Available,Available,
2017-03-22,Wed,Normal trading day,Available,Available,Available,
2017-03-23,Thu,Normal trading day,Available,Available,Available,
2017-03-24,Fri,Normal trading day,Available,Available,Available,
2017-03-25,Sat,No trading day,Available,Not available,Not available,
2017-03-26,Sun,No trading day,Available,Not available,Not available,
2017-03-27,Mon,Normal trading day,Available,Available,Available,
2017-03-28,Tue,Normal trading day,Available,Available,Available,
2017-03-29,Wed,Normal trading day,Available,Available,Available,
2017-03-30,Thu,Normal trading day,Available,Available,Available,
2017-03-31,Fri,Normal trading day,Available,Available,Available,
2017-04-01,Sat,No trading day,Available,Not available,Not available,
2017-04-02,Sun,No trading day,Available,Not available,Not available,
2017-04-03,Mon,Normal trading day,Available,Available,Available,
2017-04-04,Tue,Normal trading day,Available,Available,Available,
2017-04-05,Wed,Normal trading day,Available,Available,Available,
2017-04-06,Thu,Normal trading day,Available,Available,Available,
2017-04-07,Fri,Normal trading day,Available,Available,Available,
2017-04-08,Sat,No trading day,Available,Not available,Not available,
2017-04-09,Sun,No trading day,Available,Not available,Not available,
2017-04-10,Mon,Normal trading day,Available,Available,Available,
2017-04-11,Tue,Normal trading day,Available,Available,Available,
2017-04-12,Wed,Normal trading day,Available,Available,Available,
2017-04-13,Thu,Normal trading day,Available,Available,Available,
2017-04-14,Fri,Holiday,Available,Not available,Not available,
2017-04-15,Sat,No trading day,Available,Not available,Not available,
2017-04-16,Sun,No trading day,Available,Not available,Not available,
2017-04-17,Mon,Holiday,Available,Not available,Not available,
2017-04-18,Tue,Normal trading day,Available,Available,Available,
2017-04-19,Wed,Normal trading day,Available,Available,Available,
2017-04-20,Thu,Normal trading day,Available,Available,Available,
2017-04-21,Fri,Normal trading day,Available,Available,Available,
2017-04-22,Sat,No trading day,Available,Not available,Not available,
2017-04-23,Sun,No trading day,Available,Not available,Not available,
2017-04-24,Mon,Normal trading day,Available,Available,Available,
2017-04-25,Tue,Normal trading day,Available,Available,Available,
2017-04-26,Wed,Normal trading day,Available,Available,Available,
2017-04-27,Thu,Normal trading day,Available,Available,Available,
2017-04-28,Fri,Normal trading day,Available,Available,Available,
2017-04-29,Sat,No trading day,Available,Available,Not available,
2017-04-30,Sun,No trading day,Available,Available,Not available,
2017-05-01,Mon,Holiday,Available,Available,Not available,
2017-05-02,Tue,Normal trading day,Available,Available,Available,"Missing sequences, further investigation required"
2017-05-03,Wed,Normal trading day,Available,Available,Available,
2017-05-04,Thu,Normal trading day,Available,Available,Available,
2017-05-05,Fri,Normal trading day,Available,Available,Available,
2017-05-06,Sat,No trading day,Not available,Not available,Not available,
2017-05-07,Sun,No trading day,Not available,Not available,Not available,
2017-05-08,Mon,Normal trading day,Available,Available,Available,
2017-05-09,Tue,Normal trading day,Available,Available,Available,
2017-05-10,Wed,Normal trading day,Available,Available,Available,
2017-05-11,Thu,Normal trading day,Available,Available,Available,
2017-05-12,Fri,Normal trading day,Available,Available,Available,
2017-05-13,Sat,No trading day,Available,Not available,Not available,
2017-05-14,Sun,No trading day,Available,Not available,Not available,
2017-05-15,Mon,Normal trading day,Available,Available,Available,
2017-05-16,Tue,Normal trading day,Available,Available,Available,
2017-05-17,Wed,Normal trading day,Available,Available,Available,
2017-05-18,Thu,Normal trading day,Available,Available,Available,
2017-05-19,Fri,Normal trading day,Available,Available,Available,
2017-05-20,Sat,No trading day,Not available,Not available,Not available,
2017-05-21,Sun,No trading day,Not available,Not available,Not available,
2017-05-22,Mon,Normal trading day,Available,Available,Available,
2017-05-23,Tue,Normal trading day,Available,Available,Available,
2017-05-24,Wed,Normal trading day,Available,Available,Available,
2017-05-25,Thu,Normal trading day,Available,Available,Available,
2017-05-26,Fri,Normal trading day,Available,Available,Available,
2017-05-27,Sat,No trading day,Not available,Not available,Not available,
2017-05-28,Sun,No trading day,Not available,Not available,Not available,
2017-05-29,Mon,Normal trading day,Available,Available,Available,
2017-05-30,Tue,Normal trading day,Available,Available,Available,
2017-05-31,Wed,Normal trading day,Available,Available,Available,
2017-06-01,Thu,Normal trading day,Available,Available,Available,
2017-06-02,Fri,Normal trading day,Available,Available,Available,
2017-06-03,Sat,No trading day,Not available,Not available,Not available,
2017-06-04,Sun,No trading day,Not available,Not available,Not available,
2017-06-05,Mon,Normal trading day,Available,Available,Available,
2017-06-06,Tue,Normal trading day,Available,Available,Available,
2017-06-07,Wed,Normal trading day,Available,Available,Available,
2017-06-08,Thu,Normal trading day,Available,Available,Available,
2017-06-09,Fri,Normal trading day,Available,Available,Available,
2017-06-10,Sat,No trading day,Not available,Not available,Not available,
2017-06-11,Sun,No trading day,Not available,Not available,Not available,
2017-06-12,Mon,Normal trading day,Available,Available,Available,
2017-06-13,Tue,Normal trading day,Available,Available,Available,
2017-06-14,Wed,Normal trading day,Available,Available,Available,
2017-06-15,Thu,Normal trading day,Available,Available,Available,
2017-06-16,Fri,Normal trading day,Available,Available,Available,
2017-06-17,Sat,No trading day,Not available,Not available,Not available,
2017-06-18,Sun,No trading day,Not available,Not available,Not available,
2017-06-19,Mon,Normal trading day,Available,Available,Not available,"Technical Issue, Currently under investigations"
2017-06-20,Tue,Normal trading day,Available,Available,Available,
2017-06-21,Wed,Normal trading day,Available,Available,Available,
2017-06-22,Thu,Normal trading day,Available,Available,Available,
2017-06-23,Fri,Normal trading day,Available,Available,Available,
2017-06-24,Sat,No trading day,Not available,Not available,Not available,
2017-06-25,Sun,No trading day,Not available,Not available,Not available,
2017-06-26,Mon,Normal trading day,Available,Available,Available,
2017-06-27,Tue,Normal trading day,Available,Available,Available,
2017-06-28,Wed,Normal trading day,Not available,Available,Not available,"Technical Issue, Currently under investigations"
2017-06-29,Thu,Normal trading day,Available,Available,Available,
2017-06-30,Fri,Normal trading day,Available,Available,Available,
2017-07-01,Sat,No trading day,Not available,Not available,Not available,
2017-07-02,Sun,No trading day,Not available,Not available,Not available,
2017-07-03,Mon,Normal trading day,Available,Available,Available,
2017-07-04,Tue,Normal trading day,Available,Available,Available,
2017-07-05,Wed,Normal trading day,Available,Available,Available,
2017-07-06,Thu,Normal trading day,Available,Available,Available,
2017-07-07,Fri,Normal trading day,Available,Available,Available,
2017-07-08,Sat,No trading day,Not available,Not available,Not available,
2017-07-09,Sun,No trading day,Not available,Not available,Not available,
2017-07-10,Mon,Normal trading day,Available,Available,Available,
2017-07-11,Tue,Normal trading day,Available,Available,Available,
2017-07-12,Wed,Normal trading day,Available,Available,Available,
2017-07-13,Thu,Normal trading day,Available,Available,Available,
2017-07-14,Fri,Normal trading day,Available,Available,Available,
2017-07-15,Sat,No trading day,Not available,Not available,Not available,
2017-07-16,Sun,No trading day,Not available,Not available,Not available,
2017-07-17,Mon,Normal trading day,Available,Available,Available,
2017-07-18,Tue,Normal trading day,Available,Available,Available,
2017-07-19,Wed,Normal trading day,Available,Available,Available,
2017-07-20,Thu,Normal trading day,Available,Available,Available,
2017-07-21,Fri,Normal trading day,Available,Available,Available,
2017-07-22,Sat,No trading day,Not available,Not available,Not available,
2017-07-23,Sun,No trading day,Not available,Not available,Not available,
2017-07-24,Mon,Normal trading day,Available,Available,Available,
2017-07-25,Tue,Normal trading day,Available,Available,Available,
2017-07-26,Wed,Normal trading day,Available,Available,Available,
2017-07-27,Thu,Normal trading day,Available,Available,Available,
2017-07-28,Fri,Normal trading day,Available,Available,Available,
2017-07-29,Sat,No trading day,Not available,Not available,Not available,
2017-07-30,Sun,No trading day,Not available,Not available,Not available,
2017-07-31,Mon,Normal trading day,Available,Available,Available,
2017-08-01,Tue,Normal trading day,Available,Available,Available,
2017-08-02,Wed,Normal trading day,Available,Available,Available,
2017-08-03,Thu,Normal trading day,Available,Available,Available,
2017-08-04,Fri,Normal trading day,Available,Available,Available,
2017-08-05,Sat,No trading day,Not available,Not available,Not available,
2017-08-06,Sun,No trading day,Not available,Not available,Not available,
2017-08-07,Mon,Normal trading day,Available,Available,Available,
2017-08-08,Tue,Normal trading day,Available,Available,Available,
2017-08-09,Wed,Normal trading day,Not available,Available,Not available,"Technical Issue, Currently under investigations"
2017-08-10,Thu,Normal trading day,Available,Available,Available,
2017-08-11,Fri,Normal trading day,Available,Available,Available,
2017-08-12,Sat,No trading day,Not available,Not available,Not available,
2017-08-13,Sun,No trading day,Not available,Not available,Not available,
2017-08-14,Mon,Normal trading day,Available,Available,Available,
2017-08-15,Tue,Normal trading day,Available,Available,Available,
2017-08-16,Wed,Normal trading day,Available,Available,Available,
2017-08-17,Thu,Normal trading day,Available,Available,Available,
2017-08-18,Fri,Normal trading day,Available,Available,Available,
2017-08-19,Sat,No trading day,Not available,Not available,Not available,
2017-08-20,Sun,No trading day,Not available,Not available,Not available,
2017-08-21,Mon,Normal trading day,Available,Available,Available,
2017-08-22,Tue,Normal trading day,Available,Available,Available,
2017-08-23,Wed,Normal trading day,Available,Available,Available,
2017-08-24,Thu,Normal trading day,Available,Available,Available,
2017-08-25,Fri,Normal trading day,Available,Available,Available,
2017-08-26,Sat,No trading day,Not available,Not available,Not available,
2017-08-27,Sun,No trading day,Not available,Not available,Not available,
2017-08-28,Mon,Normal trading day,Available,Available,Available,
2017-08-29,Tue,Normal trading day,Not available,Available,Not available,"Technical Issue, Currently under investigations"
2017-08-30,Wed,Normal trading day,Not available,Available,Not available,"Technical Issue, Currently under investigations"
2017-08-31,Thu,Normal trading day,Not available,Not available,Not available,
